{
  "val_loss_best": 1.155775214944567,
  "val_loss_best_step": 200,
  "val_loss_final": 1.9538469484874181,
  "val_loss_final_step": 975,
  "test_loss_best": 1.2011579445430212,
  "test_loss_best_step": 999,
  "test_loss_final": 1.2011579445430212,
  "test_loss_final_step": 999,
  "best_val_loss": 1.155775214944567,
  "best_step": 200
}